feature,weight
intercept,0.8900065248081998
difficulty,-0.18123134497200566
prior_exposures,0.17107700890810856
successful_recalls,0.19003820993743506
failed_recalls,-0.14547055607473372
prior_accuracy,-0.1040127782775958
motivation,0.07443949072815964
prior_knowledge,0.18352300296292803
